{
    "rot": [
        [
            0.999955,
            -0.000763,
            -0.009446
        ],
        [
            0.000780,
            0.999998,
            0.001748
        ],
        [
            0.009445,
            -0.001756,
            0.999954
        ]
    ],
    "trans": [
        0.032313,
        0.000144,
        -0.002293
    ]
}