{
    "rgb": {
        "width": 1920,
        "height": 1080,
        "K": [
            [
                814.801025,
                0.000000,
                996.325073
            ],
            [
                0.000000,
                815.358643,
                487.641357
            ],
            [
                0.000000,
                0.000000,
                1.000000
            ]
        ],
        "distortion": {
            "model": 5,
            "distortion": [
                -0.044212,
                0.012275,
                -0.014625,
                0.009023
            ]
        }
    },
    "tof": {
        "width": 640,
        "height": 480,
        "K": [
            [
                332.157715,
                0.000000,
                326.873840
            ],
            [
                0.000000,
                332.138763,
                226.563461
            ],
            [
                0.000000,
                0.000000,
                1.000000
            ]
        ],
        "distortion": {
            "model": 5,
            "distortion": [
                0.016153,
                -0.098648,
                0.176083,
                -0.079306
            ]
        }
    }
}